{
    "accuracy": 0.9306764240506329,
    "loss": -0.8379763659042648
}