{
    "accuracy": 0.9435324367088608,
    "loss": -0.8825563818593568
}