{
    "accuracy": 0.9233583860759493,
    "loss": 0.28328956060017213
}