{
    "accuracy": 0.9438291139240507,
    "loss": 0.20444606353021874
}